﻿ROWNUM;CommonName;FullName;ShortName;ChiefOrg;AdmArea;District;Address;ChiefName;ChiefPosition;PublicPhone;Fax;Email;WorkingHours;ClarificationOfWorkingHours;WebSite;OKPO;INN;NumberOfHalls;TotalSeatsAmount;X_WGS;Y_WGS;GLOBALID;
1;"Кинотеатр «Искра»";"Государственное бюджетное учреждение культуры города Москвы «Кинообъединение для детей и молодежи», Кинотеатр «Искра»";"ГБУК г. Москвы «Кинообъединение», Кинотеатр «Искра»";"Государственное бюджетное учреждение культуры города Москвы «Кинообъединение для детей и молодежи»";"Северный административный округ";"Тимирязевский район";"улица Костякова, дом 10";"Овсянникова Ирина Петровна";"директор";"(495) 976-14-44; (495) 976-27-24";"(495) 976-14-44; (495) 976-27-24";"kino-iskra@mail.ru";"понедельник 09:00-23:00; вторник 09:00-23:00; среда 09:00-23:00; четверг 09:00-23:00; пятница 09:00-23:00; суббота 09:00-23:00; воскресенье 09:00-23:00";"";"kino-iskra.ru";"11603322";"7713133648";"2";"120";"37.571216";"55.814405";"87036569";
2;"Кинотеатр «Полет»";"Государственное бюджетное учреждение культуры города Москвы «Кинообъединение для детей и молодежи», Кинотеатр «Полет»";"ГБУК г. Москвы «Кинообъединение» Кинотеатр «Полет»";"Государственное бюджетное учреждение культуры города Москвы «Кинообъединение для детей и молодежи»";"Северо-Западный административный округ";"район Южное Тушино";"Нелидовская улица, дом 10, строение 1";"Давыдов Артём Патваканович";"директор";"(495) 492-81-25";"(499) 492-81-25";"info@polet-kino.ru";"понедельник 10:00-23:00; вторник 10:00-23:00; среда 10:00-23:00; четверг 10:00-23:00; пятница 10:00-23:00; суббота 10:00-23:00; воскресенье 10:00-23:00";"";"polet-kino.ru";"18137188";"7733031531";"1";"129";"37.442913";"55.846057";"87036598";
3;"Кинотеатр «Факел»";"Государственное бюджетное учреждение культуры города Москвы «Московское кино», Кинотеатр «Факел»";"ГБУК г. Москвы «Московское кино», Кинотеатр «Факел»";"Государственное бюджетное учреждение культуры города Москвы «Московское кино»";"Юго-Восточный административный округ";"район Лефортово";"шоссе Энтузиастов, дом 15/16";"Орестова Василиса Руслановна";"директор";"(495) 362-12-19; (499) 369-77-82";"(499) 369-18-91; (499) 369-77-82";"mos-kino@yandex.ru";"понедельник 10:00-23:00; вторник 10:00-23:00; среда 10:00-23:00; четверг 10:00-23:00; пятница 10:00-23:00; суббота 10:00-23:00; воскресенье 10:00-23:00";"";"mos-kino.ru";"2375201";"7719765428";"1";"98";"37.716203";"55.75179";"87036591";
4;"Кинотеатр «Сатурн»";"Государственное бюджетное учреждение культуры города Москвы «Московское кино», Кинотеатр «Сатурн»";"ГБУК г. Москвы «Московское кино», Кинотеатр «Сатурн»";"Государственное бюджетное учреждение культуры города Москвы «Московское кино»";"Северо-Восточный административный округ";"район Свиблово";"Снежная улица, дом 18";"Орестова Василиса Руслановна";"директор";"(495) 951-94-20";"(495) 951-94-20";"mos-kino@yandex.ru";"понедельник 10:00-23:00; вторник 10:00-23:00; среда 10:00-23:00; четверг 10:00-23:00; пятница 10:00-23:00; суббота 10:00-23:00; воскресенье 10:00-23:00";"";"mos-kino.ru";"2375201";"7719765428";"1";"500";"37.647549";"55.851975";"87036584";
5;"Кинотеатр «Космос»";"Государственное бюджетное учреждение культуры города Москвы «Московское кино», Кинотеатр «Космос»";"ГБУК г.Москвы «Московское кино», Кинотеатр «Космос»";"Государственное бюджетное учреждение культуры города Москвы «Московское кино»";"Северо-Восточный административный округ";"Останкинский район";"проспект Мира, дом 109";"Орестова Василиса Руслановна";"директор";"(495) 687-46-69; (495) 687-53-63";"";"";"понедельник 09:00-22:00; вторник 09:00-22:00; среда 09:00-22:00; четверг 09:00-22:00; пятница 09:00-22:00; суббота 09:00-22:00; воскресенье 09:00-22:00";"";"mos-kino.ru";"2375201";"7719765428";"1";"600";"37.63657";"55.818688";"93632223";
6;"Кинотеатр «Березка»";"Государственное бюджетное учреждение культуры города Москвы «Кинообъединение для детей и молодежи», Кинотеатр «Берёзка»";"ГБУК г. Москвы «Кинообъединение», Кинотеатр «Березка»";"Государственное бюджетное учреждение культуры города Москвы «Кинообъединение для детей и молодежи»";"Восточный административный округ";"район Новогиреево";"Мартеновская улица, дом 25";"Бармас Римма Борисовна";"директор";"(495) 302-03-62";"(495) 302-03-62";"kinoteatr.berezka@mail.ru";"понедельник 10:00-22:00; вторник 10:00-22:00; среда 10:00-22:00; четверг 10:00-22:00; пятница 10:00-22:00; суббота 10:00-22:00; воскресенье 10:30-22:00";"";"kinoberezka.ru";"11588485";"7720279207";"2";"393";"37.802542";"55.749856";"87036594";
7;"Кинотеатр «Тула»";"Государственное бюджетное учреждение культуры города Москвы «Московское кино», Кинотеатр «Тула»";"ГБУК г. Москвы «Московское кино», Кинотеатр «Тула»";"Государственное бюджетное учреждение культуры города Москвы «Московское кино»";"Юго-Восточный административный округ";"район Печатники";"улица Кухмистерова, дом 4";"Орестова Василиса Руслановна";"директор";"(495) 354-30-94";"";"mos-kino@yandex.ru";"понедельник 10:00-23:00; вторник 10:00-23:00; среда 10:00-23:00; четверг 10:00-23:00; пятница 10:00-23:00; суббота 10:00-23:00; воскресенье 10:00-23:00";"";"mos-kino.ru";"2375201";"7719765428";"1";"540";"37.718515";"55.685873";"87036589";
8;"Кинотеатр «Юность»";"Государственное бюджетное учреждение культуры города Москвы «Кинообъединение для детей и молодежи», Кинотеатр «Юность»";"ГБУК г. Москвы «Кинообъединение», Кинотеатр «Юность»";"Государственное бюджетное учреждение культуры города Москвы «Кинообъединение для детей и молодежи»";"Северо-Западный административный округ";"район Щукино";"улица Маршала Рыбалко, дом 1";"Жуков Андрей Павлович";"директор";"(495) 194-02-75";"(495) 194-02-75";"kino-yunost@mail.ru";"понедельник 09:00-23:00; вторник 09:00-23:00; среда 09:00-23:00; четверг 09:00-23:00; пятница 09:00-23:00; суббота 09:00-23:00; воскресенье 09:00-23:00";"";"kino-junost.ru";"14613918";"7734257010";"1";"120";"37.49533";"55.795157";"87036599";
9;"Кинотеатр";"Иллюзион";"";"";"Центральный административный округ";"Таганский район";"Котельническая наб., д.1/15";"";"";"(495) 915 43 39, 915 43 53";"";"";"";"";"";"";"";"";"";"37.642815";"55.747068";"85988577";
10;"Кинотеатр";"Пионер";"";"";"Западный административный округ";"район Дорогомилово";"Кутузовский пр-т, д.21";"";"";"(499) 240 52 40";"";"info@pioner-cinema.ru";"";"";"pioner-cinema.ru";"";"";"";"";"37.549915";"55.744986";"85988578";
11;"Кинотеатр";"Формула Кино Сити";"";"";"Центральный административный округ";"Пресненский район";"Пресненская наб., д.2";"";"";"(495) 795 37 95";"";"info@formulakino.ru";"";"";"formulakino.ru";"";"";"";"";"37.53947";"55.749041";"85988579";
12;"Кинотеатр";"Синема Парк на Южной";"";"";"Южный административный округ";"район Чертаново Северное";"Днепропетровская, д.2";"";"";"(495) 644 41 11";"";"info@cinemapark.ru";"";"";"cinemapark.ru";"";"";"";"";"37.603869";"55.623032";"85988580";
13;"Кинотеатр";"Кинозал ГУМа";"";"";"Центральный административный округ";"Тверской район";"Красная пл., д.3";"";"";"(495) 788 43 43, 620 30 62";"";"INFO@GUM.RU";"";"";"gum.ruprojects/kinozal";"";"";"";"";"37.621448";"55.754695";"85988581";
14;"Кинотеатр";"Мир искусства";"";"";"Центральный административный округ";"Тверской район";"Долгоруковская, д.33, стр. 3";"";"";"(499) 978 66 19, 978 69 89";"";"";"";"";"chronotop.ru";"";"";"";"";"37.600741";"55.777473";"85988582";
15;"Кинотеатр";"Кино на Алтуфьевском";"";"";"Северо-Восточный административный округ";"район Отрадное";"Алтуфьевское ш., д.8";"";"";"(495) 287 32 17, 287 32 18";"";"";"";"";"kino-a8.ru";"";"";"";"";"37.585746";"55.852809";"85988583";
16;"Кинотеатр";"Кинозал Домжур";"";"";"Центральный административный округ";"Пресненский район";"Никитский б-р, д.8а";"";"";"(495) 691 56 98, 222 10 60";"";"";"";"";"arbatkino.ru, domjour.livejournal.com";"";"";"";"";"37.601569";"55.753894";"85988584";
17;"Кинотеатр";"Kinostar De Lux Теплый Стан";"";"";"Юго-Западный административный округ";"район Тёплый Стан";"41-й км МКАД, ТРК «Мега»";"";"";"(495) 775 44 77, 775 44 99";"";"feedback@cinemapark.ru.";"";"";"cinemapark.ru";"";"";"";"";"37.491336";"55.603768";"85988585";
18;"Кинотеатр";"35ММ";"";"";"Центральный административный округ";"Басманный район";"ул. Покровка, д.47";"";"";"(495) 780 91 45";"";"info@coolconnections.ru";"";"";"kino35mm.ru";"";"";"";"";"37.654062";"55.763637";"85988586";
19;"Кинотеатр";"Музей кино в ЦДХ";"";"";"Центральный административный округ";"район Якиманка";"ул. Крымский Вал, д.10";"";"";"(499) 238 96 34";"";"pr_museikino@mail.ru";"";"";"museikino.ru";"";"";"";"";"37.605768";"55.735017";"85988587";
20;"Кинотеатр";"Кронверк Синема Облака";"";"";"Южный административный округ";"район Зябликово";"Ореховый б-р, д.22а";"";"";"(495) 775 68 35";"";"info@kronverkcinema.ru";"";"";"kronverkcinema.ru";"";"";"";"";"37.732685";"55.612047";"85988588";
21;"Кинотеатр";"Формула Кино Чертаново";"";"";"Южный административный округ";"район Чертаново Северное";"ул. Северное Чертаново, д.1а";"";"";"(495) 795 37 95";"";"info@formulakino.ru";"";"";"formulakino.ru";"";"";"";"";"37.598932";"55.636975";"85988589";
22;"Кинотеатр";"Синема Парк Старлайт на Багратионовской";"";"";"Западный административный округ";"район Филёвский Парк";"Багратионовский пр-д, д.5";"";"";"(495) 644 41 11";"";"info@cinemapark.ru";"";"";"cinemapark.rumultiplexes/show/14";"";"";"";"";"37.508108";"55.743715";"85988590";
23;"Кинотеатр";"Кинематограф (Зеленоград)";"";"";"Зеленоградский административный округ";"район Силино";"Зеленоград, Панфиловский пр-т, д.159";"";"";"(915) 315 34 99";"";"";"";"";"zelkino.ru";"";"";"";"";"37.202939";"56.009141";"85988591";
24;"Кинотеатр";"Каро Фильм на Вернадского";"";"";"Западный административный округ";"район Раменки";"пр-т Вернадского, д.6";"";"";"(495) 545 05 05";"";"info@karofilm.ru";"";"";"karofilm.ru";"";"";"";"";"37.527939";"55.692135";"85988592";
25;"Кинотеатр";"Люксор Vegas";"";"";"Южный административный округ";"район Орехово-Борисово Южное";"24-й км МКАД, ТРК «Vegas»";"";"";"(495) 984 72 89, 984 72 88";"";"";"";"";"luxorfilm.ru";"";"";"";"";"37.724572";"55.588124";"85988593";
26;"Кинотеатр";"Час кино Свиблово";"";"";"Северо-Восточный административный округ";"район Свиблово";"ул. Снежная, д.27, ТК «Свиблово»";"";"";"(499) 685 16 51, 685 16 52";"";"";"";"";"tk-chaspik.rukinoteatr/chaskinovtksviblovo.aspx";"";"";"";"";"37.653497";"55.85637";"85988594";
27;"Кинотеатр «Звезда»";"Государственное бюджетное учреждение культуры города Москвы «Московское кино», Кинотеатр «Звезда»";"ГБУК г. Москвы «Московское кино», Кинотеатр «Звезда»";"Государственное бюджетное учреждение культуры города Москвы «Московское кино»";"Центральный административный округ";"Басманный район";"улица Земляной Вал, дом 18-22, строение 2";"Орестова Василиса Руслановна";"директор";"(495) 951-94-20";"(495) 951-94-20";"mos-kino@yandex.ru";"понедельник 10:00-23:00; вторник 10:00-23:00; среда 10:00-23:00; четверг 10:00-23:00; пятница 10:00-23:00; суббота 10:00-23:00; воскресенье 10:00-23:00";"";"mos-kino.ru";"2375201";"7719765428";"1";"180";"37.657054";"55.759789";"87036577";
28;"Кинотеатр «Круговая кинопанорама»";"Государственное бюджетное учреждение культуры города Москвы «Московское кино», Кинотеатр «Круговая кинопанорама»";"ГБУК г. Москвы «Московское кино», Кинотеатр «Круговая кинопанорама»";"Государственное бюджетное учреждение культуры города Москвы «Московское кино»";"Северо-Восточный административный округ";"Останкинский район";"проспект Мира, дом 119, строение 541";"Орестова Василиса Руслановна";"директор";"(499) 369-77-82";"(499) 369-77-51; (499) 369-77-82";"mos-kino@yandex.ru";"понедельник 10:00-23:00; вторник 10:00-23:00; среда 10:00-23:00; четверг 10:00-23:00; пятница 10:00-23:00; суббота 10:00-23:00; воскресенье 10:00-23:00";"";"mos-kino.ru";"2375201";"7719765428";"1";"300";"37.629865";"55.827091";"87036578";
29;"Кинотеатр «Художественный»";"Государственное бюджетное учреждение культуры города Москвы «Московское кино», Кинотеатр «Художественный»";"ГБУК г. Москвы «Московское кино», Кинотеатр «Художественный»";"Государственное бюджетное учреждение культуры города Москвы «Московское кино»";"Центральный административный округ";"район Арбат";"Арбатская площадь, дом 14, строение 1";"Орестова Василиса Руслановна";"директор";"(495) 951-94-20";"(495) 951-94-20";"mos-kino@yandex.ru";"понедельник 10:00-23:00; вторник 10:00-23:00; среда 10:00-23:00; четверг 10:00-23:00; пятница 10:00-23:00; суббота 10:00-23:00; воскресенье 10:00-23:00";"";"mos-kino.ru";"2375201";"7719765428";"5";"766";"37.602036";"55.752389";"87036592";
30;"Кинотеатр «Салют»";"Государственное бюджетное учреждение культуры города Москвы «Кинообъединение для детей и молодежи», Кинотеатр «Салют»";"ГБУК г. Москвы «Кинообъединение», Кинотеатр «Салют»";"Государственное бюджетное учреждение культуры города Москвы «Кинообъединение для детей и молодежи»";"Юго-Западный административный округ";"Академический район";"улица Кедров, дом 14, корпус 3";"Преториус Лариса Константиновна";"директор";"(499) 125-04-48; (499) 125-01-35";"(499) 125-04-48";"salut-cinema@mail.ru";"понедельник 10:00-20:00; вторник 10:00-20:00; среда 10:00-20:00; четверг 10:00-20:00; пятница 10:00-20:00; суббота 10:00-20:00; воскресенье 10:00-20:00";"";"salut-cinema.ru";"11472883";"7727251063";"2";"204";"37.571299";"55.682807";"87036596";
31;"Кинотеатральный центр «Эльдар»";"Государственное бюджетное учреждение культуры города Москвы «Кинотеатральный центр «Эльдар»";"ГБУК г. Москвы «Кинотеатральный центр «Эльдар»";"";"Юго-Западный административный округ";"Обручевский район";"Ленинский проспект, дом 105";"Бригадиров Андрей Николаевич";"директор";"(495) 735-99-77; (495) 735-99-88";"(495) 735-99-79";"kin-eldar@yandex.ru";"понедельник 10:00-20:00; вторник 10:00-20:00; среда 10:00-20:00; четверг 10:00-20:00; пятница 10:00-20:00; суббота 10:00-20:00; воскресенье 10:00-20:00";"";"kinoclub-eldar.ru";"75605063";"7728536689";"3";"729";"37.513398";"55.665295";"87036597";
32;"Кинотеатр «Вымпел»";"Государственное бюджетное учреждение культуры города Москвы «Кинообъединение для детей и молодежи», Кинотеатр «Вымпел»";"ГБУК г. Москвы «Кинообъединение», Кинотеатр «Вымпел»";"Государственное бюджетное учреждение культуры города Москвы «Кинообъединение для детей и молодежи»";"Северо-Восточный административный округ";"Бабушкинский район";"улица Коминтерна, дом 8";"Федотова Светлана Геннадьевна";"директор";"(499) 184-41-09";"(499) 184-41-09";"vympel-sv@yandex.ru";"понедельник 10:00-22:00; вторник 10:00-22:00; среда 10:00-22:00; четверг 10:00-22:00; пятница 10:00-22:00; суббота 10:00-22:00; воскресенье 10:00-22:00";"";"vympel-kino.ru";"11405378";"7716234933";"2";"162";"37.676551";"55.861865";"87036571";
33;"Кинотеатр «Спутник»";"Государственное бюджетное учреждение культуры города Москвы «Московское кино», Кинотеатр «Спутник»";"ГБУК г. Москвы «Московское кино», Кинотеатр «Спутник»";"Государственное бюджетное учреждение культуры города Москвы «Московское кино»";"Юго-Восточный административный округ";"район Лефортово";"Солдатская улица, дом 15";"Орестова Василиса Руслановна";"директор";"(495) 951-94-20";"(495) 951-94-20";"mos-kino@yandex.ru";"понедельник 10:00-23:00; вторник 10:00-23:00; среда 10:00-23:00; четверг 10:00-23:00; пятница 10:00-23:00; суббота 10:00-23:00; воскресенье 10:00-23:00";"";"mos-kino.ru";"2375201";"7719765428";"1";"392";"37.705595";"55.764365";"87036586";
34;"Кинотеатр «Молодежный»";"Государственное бюджетное учреждение культуры города Москвы «Кинообъединение для детей и молодежи», Кинотеатр «Молодежный»";"ГБУК г.Москвы «Кинообъединение», Кинотеатр «Молодежный»";"Государственное бюджетное учреждение культуры города Москвы «Кинообъединение для детей и молодежи»";"Юго-Восточный административный округ";"район Текстильщики";"Люблинская улица, дом 11";"Чмырь Татьяна Ивановна";"директор";"(499) 177-71-60";"(499) 493-94-36";"1779701@mail.ru";"понедельник 10:00-22:00; вторник 10:00-22:00; среда 10:00-22:00; четверг 10:00-22:00; пятница 10:00-22:00; суббота 10:00-22:00; воскресенье 10:30-22:00";"";"molod-cinema.ru";"13180207";"7722018000";"2";"359";"37.731486";"55.710879";"87036595";
35;"Кинотеатр";"5 звезд на Новокузнецкой";"";"";"Центральный административный округ";"район Замоскворечье";"Большой Овчинниковский пер., д.16";"";"";"(495) 916 91 69, 510 28 88";"";"secretar@paradisegroup.ru";"";"";"5zvezd.ru";"";"";"";"";"37.630199";"55.744502";"85988595";
36;"Кинотеатр";"Кронверк Синема Семеновский";"";"";"Восточный административный округ";"район Соколиная Гора";"Семеновская пл., д.1";"";"";"(495) 660 02 65";"";"e-mail:info@kronverkcinema.ru";"";"";"kronverkcinema.ru";"";"";"";"";"37.720992";"55.782924";"85988596";
37;"Кинотеатр";"Кронверк Синема Вэйпарк";"";"";"Северо-Западный административный округ";"район Северное Тушино";"71-й км МКАД, ТЦ «Вэйпарк»";"";"";"(495) 287 16 93, 287 16 95";"";"e-mail:info@kronverkcinema.ru";"";"";"kronverkcinema.ru";"";"";"";"";"37.395177";"55.858935";"85988597";
38;"Кинотеатр";"Кинотеатр Музеон";"";"";"Центральный административный округ";"район Якиманка";"Крымский Вал, д.10";"";"";"(499) 238 33 96";"";"";"";"";"muzeoncinema.ru";"";"";"";"";"37.605768";"55.735017";"85988598";
39;"Кинотеатр";"Динамит";"";"";"Юго-Восточный административный округ";"район Выхино-Жулебино";"Жулебинский б-р, д.5";"";"";"(495) 706 58 60";"";"";"";"";"dinamit-kino.ru";"";"";"";"";"37.844578";"55.698707";"85988599";
40;"Кинотеатр";"Жанр";"";"";"Центральный административный округ";"район Арбат";"Смоленская пл., д.13/21";"";"";"(495) 724 05 93";"";"";"";"";"zhanrkino.ru";"";"";"";"";"37.582189";"55.749541";"85988600";
41;"Кинотеатр";"Триумф";"";"";"Юго-Западный административный округ";"Гагаринский район";"ул. Вавилова, д.66, стр. 1";"";"";"(495) 739 89 78, 739 87 33";"";"";"";"";"kinoafisha.msk.rucinema/1387770/";"";"";"";"";"37.549196";"55.683084";"85988601";
42;"Кинотеатр";"Времена года";"";"";"Западный административный округ";"район Фили-Давыдково";"Кутузовский пр-т, д.48";"";"";"(495) 589 19 19";"";"";"";"";"vremenagoda-cinema.ru";"";"";"";"";"37.487413";"55.731743";"85988602";
43;"Кинотеатр";"Формула Кино на Можайке";"";"";"Западный административный округ";"Можайский район";"53-й км МКАД, напротив «Ашана»";"";"";"(495) 795 37 95";"";"info@formulakino.ru";"";"";"formulakino.rucgi-bin/show.pl?option=cinema_description&id=38";"";"";"";"";"37.389051";"55.705657";"85988603";
44;"Кинотеатр";"Каро Фильм Иридиум";"";"";"Зеленоградский административный округ";"район Силино";"Зеленоград, Крюковская пл., д.1";"";"";"(495) 545 05 05";"";"info@karofilm.ru";"";"";"karofilm.rutheatres/5";"";"";"";"";"37.174932";"55.982678";"85988604";
45;"Кинотеатр";"Киноцентр XL";"";"";"Значения отсутствуют в справочнике";"Значения отсутствуют в справочнике";"МО, г. Мытищи, ул. Коммунистическая, д.1";"";"";"(495) 789 96 91";"";"";"";"";"xl-kino.ru";"";"";"";"";"37.578991";"55.506471";"85988605";
46;"Кинотеатр";"Арт-кино";"";"";"Восточный административный округ";"район Сокольники";"Сокольническая пл., д.7";"";"";"(495) 640 23 21";"";"info@artkinoclub.ru";"";"";"artkinoclub.ru";"";"";"";"";"37.679935";"55.791651";"85988606";
47;"Кинотеатр";"Кинотеатр Пионер летний";"";"";"Центральный административный округ";"район Якиманка";"Крымский Вал, д.9";"";"";"(495) 755 00 32";"";"info@park-gorkogo.com";"";"";"park-gorkogo.com/cinema/";"";"";"";"";"37.603441";"55.731412";"85988607";
48;"Кинотеатр";"4D Cinema на Пресненском Валу";"";"";"Центральный административный округ";"Пресненский район";"Пресненский Вал, д.14/1";"";"";"(495) 234 18 18, доб. 259";"";"mr@4dstereo.com";"";"";"4dstereo.com";"";"";"";"";"37.564865";"55.766536";"85988608";
49;"Кинотеатр";"Киноклуб Докер";"";"";"Центральный административный округ";"Пресненский район";"Никитский б-р, д.8а";"";"";"(910) 434 74 76, (926) 565 94 07";"";"info@dokerproject.ru";"";"";"dokerproject.ru";"";"";"";"";"37.601537";"55.753989";"85988609";
50;"Кинотеатр";"Под куполом";"";"";"Центральный административный округ";"Мещанский район";"Олимпийский пр-т, д.18/1";"";"";"(495) 931 98 73";"";"";"";"";"domecinema.ru";"";"";"";"";"37.623847";"55.785101";"85988686";
51;"Кинотеатр";"Космос";"";"";"Северо-Восточный административный округ";"Останкинский район";"пр-т Мира, д.109";"";"";"(495) 683 86 67, 227 36 64";"";"admin@kinokosmos.ru";"";"";"kinokosmos.ru";"";"";"";"";"37.636783";"55.81869";"85988687";
52;"Кинотеатр";"Люксор в Отрадном";"";"";"Северо-Восточный административный округ";"район Отрадное";"ул. Декабристов, д.12";"";"";"(495) 363 02 12, 363 02 11";"";"";"";"";"luxorfilm.ru";"";"";"";"";"37.60203";"55.863231";"85988688";
53;"Кинотеатр";"Алмаз Синема Мечта";"";"";"Южный административный округ";"район Москворечье-Сабурово";"Каширское ш., д.42, корп. 1";"";"";"(495) 221 52 21, (499) 324 53 49";"";"info@almazcinema.ru";"";"";"almazcinema.ru";"";"";"";"";"37.662081";"55.648616";"85988689";
54;"Кинотеатр";"Саяны";"";"";"Восточный административный округ";"район Ивановское";"ул. Саянская, д.9";"";"";"(495) 307 89 13";"";"";"";"";"";"";"";"";"";"37.832712";"55.768337";"85988690";
55;"Кинотеатр";"Щелково (Щелково)";"";"";"Значения отсутствуют в справочнике";"Значения отсутствуют в справочнике";"МО, г.Щелково, Пролетарский пр-т, д.10";"";"";"(496) 569 23 33, 562 14 66";"";"";"";"";"kemp-kino.ru";"";"";"";"";"37.655513";"55.645094";"85988691";
56;"Кинотеатр";"Под открытым небом";"";"";"Значения отсутствуют в справочнике";"Значения отсутствуют в справочнике";"МО, д.Бородино, Осташковское ш., д.59";"";"";"(905) 502 55 19";"";"";"";"";"kino-borodino.ru";"";"";"";"";"37.66496";"55.918534";"85988692";
57;"Кинотеатр";"Кронверк Синема МДМ";"";"";"Центральный административный округ";"район Хамовники";"Комсомольский пр-т, д.28";"";"";"(495) 782 88 33, 782 88 36";"";"info@kronverkcinema.ru";"";"";"kronverkcinema.ru";"";"";"";"";"37.579731";"55.72699";"85988693";
58;"Кинотеатр";"Бумеранг на Теплом Стане";"";"";"Юго-Западный административный округ";"район Ясенево";"Профсоюзная ул., д.129а";"";"";"(495) 987 16 41, 987 16 42";"";"";"";"";"princeplaza.rucinema_bumerang.ru";"";"";"";"";"37.507395";"55.618386";"85988694";
59;"Кинотеатр";"Победа";"";"";"Центральный административный округ";"Таганский район";"ул. Абельмановская, д.17а";"";"";"(495) 793 30 43";"";"cinema@pobeda-cinema.ru";"";"";"pobeda-cinema.ru";"";"";"";"";"37.67085";"55.734519";"85988695";
60;"Кинотеатр";"Киноконцертный зал Орион";"";"";"Северо-Восточный административный округ";"Лосиноостровский район";"ул. Летчика Бабушкина, д.26";"";"";"495 665-13-54";"";"";"";"";"luxorfilm.ru";"";"";"";"";"37.677211";"55.869138";"85988696";
61;"Кинотеатр";"Киноконцертный зал Гавана (кинотеатр)";"";"";"Северо-Восточный административный округ";"район Марьина Роща";"ул. Шереметьевская, д.2, стр.1";"";"";"495 665-13-54";"";"";"";"";"luxorfilm.ru";"";"";"";"";"37.618912";"55.793693";"85988697";
62;"Кинотеатр";"Ханой";"";"";"Юго-Западный административный округ";"район Ясенево";"Литовский б-р, д.7";"";"";"";"";"";"";"";"";"";"";"";"";"37.538776";"55.613753";"85988698";
63;"Кинотеатр";"Кунцево";"";"";"Западный административный округ";"район Кунцево";"ул. Ивана Франко, д.14";"";"";"";"";"";"";"";"";"";"";"";"";"37.440826";"55.728545";"85988699";
64;"Кинотеатр";"Балтика";"";"";"Северо-Западный административный округ";"район Южное Тушино";"ул. Сходненская, д.54";"";"";"";"";"";"";"";"baltika-kino.ru";"";"";"";"";"37.440529";"55.849201";"85988700";
65;"Кинотеатр";"Ангара";"";"";"Южный административный округ";"Нагорный район";"Чонгарский б-р, д.7";"";"";"";"";"";"";"";"";"";"";"";"";"37.61243";"55.651412";"85988701";
66;"Кинотеатр";"Аврора";"";"";"Юго-Западный административный округ";"район Тёплый Стан";"ул. Профсоюзная д.154";"";"";"";"";"";"";"";"";"";"";"";"";"37.504649";"55.621536";"85988702";
67;"Кинотеатр";"Ашхабад";"";"";"Южный административный округ";"район Чертаново Северное";"ул. Чертановская, д.17а";"";"";"";"";"";"";"";"";"";"";"";"";"37.597643";"55.623983";"85988703";
68;"Кинотеатр";"Будапешт";"";"";"Северо-Восточный административный округ";"район Бибирево";"ул. Лескова, д.14";"";"";"(495) 405-99-33";"";"info@centerfilm.ru";"";"";"centerfilm.ru";"";"";"";"";"37.604517";"55.897364";"85988704";
69;"Кинотеатр";"Варшава";"";"";"Северный административный округ";"Войковский район";"пл. Ганецкого, д.1";"";"";"(495) 509 51 85";"";"";"";"";"kino-4d.ru";"";"";"";"";"37.500471";"55.820153";"85988705";
70;"Кинотеатр";"Волгоград";"";"";"Юго-Восточный административный округ";"район Выхино-Жулебино";"ул. Ферганская, д.17";"";"";"";"";"";"";"";"";"";"";"";"";"37.819296";"55.706383";"85988706";
71;"Кинотеатр";"Высота";"";"";"Юго-Восточный административный округ";"район Кузьминки";"ул. Юных Ленинцев, д.52";"";"";"(495) 663-63-71";"";"info@centerfilm.ru";"";"";"centerfilm.ru";"";"";"";"";"37.765406";"55.699816";"85988707";
72;"Кинотеатр";"Керчь";"";"";"Южный административный округ";"район Бирюлёво Восточное";"ул. Бирюлевская, д.17";"";"";"(495) 916-916-9";"";"secretar@paradisegroup.ru";"";"";"5zvezd.ru";"";"";"";"";"37.664086";"55.595541";"85988708";
73;"Кинотеатр";"Комсомолец";"";"";"Северный административный округ";"Тимирязевский район";"Дмитровское ш., д.49, корп. 1";"";"";"";"";"";"";"";"";"";"";"";"";"37.569066";"55.840845";"85988709";
74;"Кинотеатр";"Орбита";"";"";"Южный административный округ";"район Нагатинский Затон";"пр-т Андропова, д.27";"";"";"(499) 615-65-60";"";"";"";"";"orbitacinema.ru";"";"";"";"";"37.665338";"55.676299";"85988710";
75;"Кинотеатр";"Орленок";"";"";"Восточный административный округ";"район Сокольники";"ул. Русаковская, д.23";"";"";"433-46-01";"";"orlenok-kino@mail.ru";"";"";"orlenok-kino.ru";"";"";"";"";"37.675835";"55.785965";"85988711";
76;"Кинотеатр";"Первомайский";"";"";"Восточный административный округ";"район Восточное Измайлово";"ул. Первомайская, д.93";"";"";"";"";"";"";"";"";"";"";"";"";"37.806457";"55.793904";"85988712";
77;"Кинотеатр";"Полярный";"";"";"Северо-Восточный административный округ";"район Южное Медведково";"ул. Полярная, д.9";"";"";"";"";"";"";"";"";"";"";"";"";"37.635996";"55.874362";"85988713";
78;"Кинотеатр";"Планета";"";"";"Западный административный округ";"район Очаково-Матвеевское";"ул. Нежинская, д.11, стр. 1";"";"";"";"";"";"";"";"";"";"";"";"";"37.473966";"55.707688";"85988714";
79;"Кинотеатр";"Родина";"";"";"Восточный административный округ";"район Соколиная Гора";"ул. Измайловский вал, д.5";"";"";"(499) 369 07 93";"";"";"";"";"";"";"";"";"";"37.717871";"55.78161";"85988715";
80;"Кинотеатр";"Слава";"";"";"Восточный административный округ";"район Перово";"ш. Энтузиастов, д.58";"";"";"";"";"";"";"";"";"";"";"";"";"37.773299";"55.761794";"85988716";
81;"Кинотеатр";"Тбилиси";"";"";"Юго-Западный административный округ";"район Черёмушки";"ул. Новочеремушкинская, д.53а";"";"";"";"";"";"";"";"";"";"";"";"";"37.569839";"55.671739";"85988717";
82;"Кинотеатр";"Экран";"";"";"Юго-Восточный административный округ";"район Марьино";"Новочеркасский б-р, д.21а";"";"";"(495) 356 88 01, 349 19 20";"";"";"";"";"ekran-kino.ru";"";"";"";"";"37.727817";"55.647916";"85988718";
83;"Кинотеатр";"ГУП г. Москвы « Обьедененная дирекция по управлению имущественным комплексом киносетей» кинотеатр Ударник";"";"";"Центральный административный округ";"район Якиманка";"ул. Серафимовича, д.2";"";"";"959-31-54";"";"info@karofilm.ru";"";"";"karofilm.ru";"";"";"";"";"37.612429";"55.744211";"85988719";
84;"Кинотеатр";"Коиноцентр «Пушкинский»";"";"";"Центральный административный округ";"Тверской район";"Пушкинская пл., д.2";"";"";"(495) 699-98-37";"";"info@karofilm.ru";"";"";"karofilm.ru";"";"";"";"";"37.607422";"55.766201";"85988720";
85;"Кинотеатр";"Территория 5D";"";"";"Южный административный округ";"Донской район";"ул. Вавилова, д.3";"";"";"(495) 764 12 76";"";"";"";"";"5-d.ru";"";"";"";"";"37.592119";"55.706871";"85988610";
86;"Кинотеатр";"Вдох/выдох";"";"";"Южный административный округ";"Даниловский район";"ул. Большая Тульская, д.11";"";"";"(903) 678 19 02";"";"breath-exhalation@gmail.com";"";"";"breath-exhalation.ru";"";"";"";"";"37.623888";"55.7101";"85988611";
87;"Кинотеатр";"Kinoklub";"";"";"Центральный административный округ";"Басманный район";"ул. Нижнаяя Сыромятническая, д.10, стр. 3";"";"";"(495) 664 39 80";"";"";"";"";"kknw.ru";"";"";"";"";"37.669572";"55.751726";"85988612";
88;"Кинотеатр";"Drive VV";"";"";"Юго-Восточный административный округ";"Нижегородский район";"Рязанский пр-т, д.2, корп. 2";"";"";"(916) 587 59 32";"";"";"";"";"afisha.rumsk/cinema/4247/";"";"";"";"";"37.731158";"55.729804";"85988613";
89;"Кинотеатр";"Победа (Домодедово)";"";"";"Значения отсутствуют в справочнике";"Значения отсутствуют в справочнике";"МО, г. Домодедово, пл. 30-летия Победы, д.2";"";"";"(496) 793 30 43";"";"";"";"";"pro-domodedovo.rucompany/34-kinoteatr-pobeda";"";"";"";"";"37.771128";"55.569463";"85988614";
90;"Кинотеатр";"Формула Кино на Мичуринском";"";"";"Западный административный округ";"район Тропарёво-Никулино";"Мичуринский пр-т, Олимпийская деревня, д.3, корп. 1";"";"";"(495) 795 37 95";"";"info@formulakino.ru";"";"";"formulakino.ru";"";"";"";"";"37.46707";"55.677894";"85988615";
91;"Кинотеатр";"Кинотеатр под открытым небом";"";"";"Центральный административный округ";"Пресненский район";"ул. Мантулинская, д.5, стр. 2";"";"";"";"";"info@formulakino.ru";"";"";"formulakino.ru";"";"";"";"";"37.55018";"55.75561";"85988616";
92;"Кинотеатр";"Формула Кино Горизонт";"";"";"Центральный административный округ";"район Хамовники";"Комсомольский пр-т, д.21/10";"";"";"(495) 795 37 95";"";"info@formulakino.ru";"";"";"formulakino.ru";"";"";"";"";"37.584754";"55.728055";"85988617";
93;"Кинотеатр";"Радуга кино";"";"";"Южный административный округ";"Даниловский район";"пр-т Андропова, д.8";"";"";"(495) 663 36 64, (905) 599 61 21";"";"";"";"";"radygakino.ru";"";"";"";"";"37.665047";"55.695901";"85988618";
94;"Кинотеатр";"Синема Парк на Октябрьском Поле";"";"";"Северо-Западный административный округ";"район Щукино";"ул. Маршала Бирюзова, д.32";"";"";"(495) 644 41 11";"";"info@cinemapark.ru";"";"";"cinemapark.ru";"";"";"";"";"37.482945";"55.799784";"85988619";
95;"Кинотеатр";"Синема Парк на Калужской";"";"";"Юго-Западный административный округ";"район Черёмушки";"ул. Профсоюзная, д.61а";"";"";"(495) 644 41 11";"";"info@cinemapark.ru";"";"";"cinemapark.ru";"";"";"";"";"37.542268";"55.655751";"85988620";
96;"Кинотеатр";"Формула Кино Стрела";"";"";"Центральный административный округ";"район Хамовники";"Смоленская-Сенная пл., д.23/25";"";"";"(495) 795 37 95";"";"info@formulakino.ru";"";"";"formulakino.ru";"";"";"";"";"37.582731";"55.744139";"85988621";
97;"Кинотеатр";"Ролан";"";"";"Центральный административный округ";"Басманный район";"Чистопрудный б-р, д.12а";"";"";"(495) 916 91 69, 916 94 12";"";"";"";"";"rolan.ru";"";"";"";"";"37.643829";"55.760473";"85988622";
98;"Кинотеатр";"Каро Фильм Щука";"";"";"Северо-Западный административный округ";"район Щукино";"ул. Щукинская, д.42";"";"";"(495) 545 05 05";"";"info@karofilm.ru";"";"";"karofilm.ru";"";"";"";"";"37.464658";"55.809502";"85988623";
99;"Кинотеатр";"Kinostar New York";"";"";"Юго-Восточный административный округ";"район Капотня";"14-й км МКАД, ТЦ «Мега Белая Дача»";"";"";"(495) 662 16 06, 644 41 11";"";"info@cinemapark.ru";"";"";"cinemapark.ru";"";"";"";"";"37.845239";"55.653963";"85988624";
100;"Кинотеатр";"Солярис";"";"";"Юго-Восточный административный округ";"район Марьино";"ул. Перерва, д.43, корп. 1";"";"";"(499) 929 89 86, 929 89 87";"";"";"";"";"kinomax.ru";"";"";"";"";"37.74967";"55.659662";"85988625";
101;"Кинотеатр";"5 звезд на Павелецкой";"";"";"Центральный административный округ";"район Замоскворечье";"ул. Бахрушина, д.25";"";"";"(495) 916 91 73, 916 91 69";"";"secretar@paradisegroup.ru";"";"";"5zvezd.ru";"";"";"";"";"37.637421";"55.732975";"85988626";
102;"Кинотеатр";"Люксор (Балашиха)";"";"";"Значения отсутствуют в справочнике";"Значения отсутствуют в справочнике";"МО, г.Балашиха, пр-т Ленина, д.25";"";"";"(495) 604 42 04, 926 03 50";"";"";"";"";"luxorfilm.ru";"";"";"";"";"37.877808";"55.785717";"85988627";
103;"Кинотеатр";"Каро Фильм Октябрь";"";"";"Центральный административный округ";"район Арбат";"ул. Новый Арбат, д.24";"";"";"(495) 545 05 05";"";"info@karofilm.ru";"";"";"karofilm.rutheatres/5";"";"";"";"";"37.587634";"55.753087";"85988628";
104;"Кинотеатр";"Светофор (Люберцы)";"";"";"Значения отсутствуют в справочнике";"Значения отсутствуют в справочнике";"МО, г.Люберцы, ул. Побратимов, д.7";"";"";"(498) 602 82 70";"";"";"";"";"k-format.ru";"";"";"";"";"37.897584";"55.691717";"85988629";
105;"Кинотеатр";"Фитиль";"";"";"Центральный административный округ";"район Хамовники";"Фрунзенская наб., д.12";"";"";"(495) 287 02 11";"";"";"";"";"fitil-club.ru";"";"";"";"";"37.594095";"55.732077";"85988630";
106;"Кинотеатр";"Drive VV";"";"";"Южный административный округ";"район Зябликово";"Ореховый б-р, д.22а";"";"";"(916) 966 53 89";"";"";"";"";"vashdosug.rumsk/cinema/place/50320/";"";"";"";"";"37.732685";"55.612047";"85988631";
107;"Кинотеатр";"Байконур";"";"";"Северо-Восточный административный округ";"район Отрадное";"ул. Декабристов, д.17";"";"";"(499) 204 51 19, 204 53 14";"";"";"";"";"maxikarta.rumsk/bajkonur/74272";"";"";"";"";"37.605066";"55.864883";"85988632";
108;"Кинотеатр";"5D Стерео";"";"";"Северо-Восточный административный округ";"Останкинский район";"пр-т Мира, д.119 стр.541, ВВЦ, пав.9";"";"";"(495) 729 26 52, 720 00 55";"";"";"";"";"3dhd.ru";"";"";"";"";"37.629865";"55.827091";"85988633";
109;"Кинотеатр";"Романов Синема";"";"";"Центральный административный округ";"район Арбат";"Романов пер., д.4";"";"";"(495) 609 64 54";"";"administrator@romanov-cinema.ru";"";"";"romanov-cinema.ru";"";"";"";"";"37.609019";"55.754701";"85988634";
110;"Кинотеатр";"Киносфера";"";"";"Северный административный округ";"район Левобережный";"ул. Правобережная, д.1б";"";"";"(495) 775 77 79";"";"";"";"";"kinosfera.ru";"";"";"";"";"37.449702";"55.880914";"85988635";
111;"Кинотеатр";"Азовский";"";"";"Юго-Западный административный округ";"район Зюзино";"ул. Азовская, д.24, стр. 3";"";"";"(495) 735 40 13";"";"";"";"";"kino-a8.ru";"";"";"";"";"37.596623";"55.646929";"85988636";
112;"Кинотеатр";"Каро Фильм Электрон";"";"";"Зеленоградский административный округ";"район Матушкино";"г.Зеленоград, пл. Юности, д.1";"";"";"(495) 545 05 05";"";"info@karofilm.ru";"";"";"karofilm.ru";"";"";"";"";"37.209777";"56.002725";"85988637";
113;"Кинотеатр";"Байкал-Атлантис";"";"";"Северный административный округ";"район Коптево";"ул. Михалковская, д.4";"";"";"(495) 708 80 15, 708 80 47";"";"info@baykal-atlantis.ru";"";"";"baykal-atlantis.ru";"";"";"";"";"37.538127";"55.837417";"85988638";
114;"Кинотеатр";"Формула Кино Витязь";"";"";"Юго-Западный административный округ";"район Коньково";"ул. Миклухо-Маклая, д.27а";"";"";"(495) 795 37 95";"";"info@formulakino.ru";"";"";"formulakino.ru";"";"";"";"";"37.516868";"55.647405";"85988639";
115;"Кинотеатр";"Каро Фильм Теплый Стан";"";"";"Юго-Западный административный округ";"район Ясенево";"Новоясеневский пр-т, д.1";"";"";"(495) 545 05 05";"";"info@karofilm.ru";"";"";"karofilm.ru";"";"";"";"";"37.509204";"55.619485";"85988640";
116;"Кинотеатр";"Каро Фильм Алтуфьево";"";"";"Северо-Восточный административный округ";"район Бибирево";"Алтуфьевское ш., д.70 корп. 1";"";"";"(495) 545 05 05";"";"info@karofilm.ru";"";"";"karofilm.ru";"";"";"";"";"37.588649";"55.888227";"85988641";
117;"Кинотеатр";"Каро Фильм Киргизия";"";"";"Восточный административный округ";"район Новогиреево";"Зеленый пр-т, д.81";"";"";"(495) 545 05 05";"";"info@karofilm.ru";"";"";"karofilm.ru";"";"";"";"";"37.820257";"55.751804";"85988642";
118;"Кинотеатр";"5D-Визион";"";"";"Северный административный округ";"Войковский район";"пл. Ганецкого, д.1";"";"";"(495) 509 51 85";"";"";"";"";"kino-4d.ru";"";"";"";"";"37.500471";"55.820153";"85988643";
119;"Кинотеатр";"Кино на заводе N";"";"";"Восточный административный округ";"район Преображенское";"ул. Электрозаводская, д.21";"";"";"(903) 218 91 56";"";"";"";"";"moscow.vibirai.ru146956/";"";"";"";"";"37.703875";"55.787406";"85988644";
120;"Кинотеатр";"Кронверк Синема Лефортово";"";"";"Юго-Восточный административный округ";"район Лефортово";"ш. Энтузиастов, д.12/2";"";"";"(495) 961 02 61";"";"info@kronverkcinema.ru";"";"";"kronverkcinema.ru";"";"";"";"";"37.706746";"55.747805";"85988645";
121;"Кинотеатр";"Формула Кино Ладога";"";"";"Северо-Восточный административный округ";"район Северное Медведково";"ул. Широкая, д.12";"";"";"(495) 795 37 95";"";"info@formulakino.ru";"";"";"formulakino.ru";"";"";"";"";"37.659448";"55.886654";"85988646";
122;"Кинотеатр";"Каро Фильм Южное Бутово";"";"";"Юго-Западный административный округ";"район Южное Бутово";"ул. Веневская, д.6";"";"";"(495) 545 05 05";"";"info@karofilm.ru";"";"";"karofilm.ru";"";"";"";"";"37.543037";"55.547841";"85988647";
123;"Кинотеатр";"Каро Фильм на Каширке";"";"";"Южный административный округ";"район Орехово-Борисово Северное";"Каширское ш., д.61, корп. 2";"";"";"(495) 545 05 05";"";"info@karofilm.ru";"";"";"karofilm.ru";"";"";"";"";"37.713808";"55.621628";"85988648";
124;"Кинотеатр";"Каро Фильм Звездный";"";"";"Западный административный округ";"район Проспект Вернадского";"пр-т Вернадского, д.14";"";"";"(495) 545 05 05";"";"info@karofilm.ru";"";"";"karofilm.ru";"";"";"";"";"37.504745";"55.676905";"85988649";
125;"Кинотеатр";"Синема Стар Рио";"";"";"Юго-Западный административный округ";"район Котловка";"ул. Большая Черемушкинская, д.1";"";"";"(495) 980 44 15";"";"";"";"";"cinemastar.ru";"";"";"";"";"37.602033";"55.68967";"85988650";
126;"Кинотеатр";"Каро Фильм на Шереметьевской";"";"";"Северо-Восточный административный округ";"район Марьина Роща";"ул. Шереметьевская, д.20";"";"";"(495) 545 05 05";"";"info@karofilm.ru";"";"";"karofilm.ru";"";"";"";"";"37.618556";"55.803409";"85988651";
127;"Кинотеатр";"Каро Фильм на Севастопольском";"";"";"Юго-Западный административный округ";"район Котловка";"Севастопольский пр-т, д.11е";"";"";"(495) 545 05 05";"";"info@karofilm.ru";"";"";"karofilm.ru";"";"";"";"";"37.604033";"55.687325";"85988652";
128;"Кинотеатр";"Формула Кино Прага";"";"";"Северный административный округ";"Савёловский район";"ул. Нижняя Масловка, д.10";"";"";"(495) 795 37 95";"";"info@formulakino.ru";"";"";"formulakino.ru";"";"";"";"";"37.577978";"55.792731";"85988653";
129;"Кинотеатр";"Киноклуб Востокино";"";"";"Центральный административный округ";"Пресненский район";"Никитский б-р, д.12а";"";"";"(495) 691 49 66";"";"";"";"";"kino-teatr.ru";"";"";"";"";"37.599795";"55.756438";"85988654";
130;"Кинотеатр";"Киноклуб Мастер-клас";"";"";"Центральный административный округ";"Басманный район";"Лубянский пр-д, д.3/6 стр.4";"";"";"";"";"info@artkinoclub.ru";"";"";"artkinoclub.ru";"";"";"";"";"37.629728";"55.759508";"85988655";
131;"Кинотеатр";"Drive VV";"";"";"Юго-Восточный административный округ";"район Марьино";"ул. Люблинская, д.153";"";"";"(916) 944 67 95";"";"";"";"";"vashdosug.rumsk/cinema/place/50321/";"";"";"";"";"37.741844";"55.658755";"85988656";
132;"Кинотеатр";"Центрфильм на Щелковской";"";"";"Восточный административный округ";"район Северное Измайлово";"Щелковское ш., д.100";"";"";"(495) 589 19 19, (499) 684 00 24, (499) 684 00 25";"";"info@centerfilm.ru";"";"";"centerfilm.ru";"";"";"";"";"37.833974";"55.812063";"85988657";
133;"Кинотеатр";"Соловей";"";"";"Центральный административный округ";"Пресненский район";"ул. Дружинниковская, д.15";"";"";"(499) 255 96 92, 255 92 37, (495) 605 73 06";"";"info@kinocenter.ru";"";"";"kinocenter.ru";"";"";"";"";"37.574868";"55.759716";"85988658";
134;"Кинотеатр";"Час кино Алтуфьево";"";"";"Северо-Восточный административный округ";"район Бибирево";"87-й км МКАД, д.8, ТК «Час пик»";"";"";"(495) 580 22 25";"";"";"";"";"tk-chaspik.rukinoteatr.aspx";"";"";"";"";"37.629397";"55.898612";"85988659";
135;"Кинотеатр";"Синема Стар Ереван плаза";"";"";"Южный административный округ";"Даниловский район";"ул. Большая Тульская, д.13";"";"";"(495) 980 44 15, 514 24 20";"";"pr@erevanplaza.ru";"";"";"erevanplaza.ru";"";"";"";"";"37.622081";"55.708696";"85988660";
136;"Кинотеатр";"Алмаз Синема Ленинград";"";"";"Северный административный округ";"район Сокол";"ул. Новопесчаная, д.12";"";"";"(495) 221 52 21, (499) 157 75 52";"";"info@almazcinema.ru";"";"";"almazcinema.ru";"";"";"";"";"37.513332";"55.798824";"85988661";
137;"Кинотеатр";"Синема Стар Рио на Дмитровском шоссе";"";"";"Северо-Восточный административный округ";"район Северный";"Дмитровское ш., д.163а, корп. 1";"";"";"(495) 980 44 15, 988 03 77";"";"";"";"";"cinemastar.ru";"";"";"";"";"37.540235";"55.909467";"85988662";
138;"Кинотеатр";"Территория 5D";"";"";"Центральный административный округ";"Тверской район";"Манежная пл., д.1, стр. 2";"";"";"(495) 764 12 76";"";"";"";"";"5-d.ru";"";"";"";"";"37.614578";"55.755666";"85988663";
139;"Кинотеатр";"Бульвар";"";"";"Юго-Западный административный округ";"район Северное Бутово";"б-р Дмитрия Донского, д.1";"";"";"(495) 647 49 49";"";"";"";"";"kinobulvar.info";"";"";"";"";"37.580165";"55.574929";"85988664";
140;"Кинотеатр";"Бумеранг на Варшавской";"";"";"Южный административный округ";"Нагорный район";"Варшавское ш., д.87б";"";"";"(495) 221 50 67, 221 50 68";"";"";"";"";"";"";"";"";"";"37.620678";"55.653656";"85988665";
141;"Кинотеатр";"Алмаз Синема Алмаз";"";"";"Южный административный округ";"Донской район";"ул. Шаболовка, д.56";"";"";"(495) 221 52 21, 954 10 02";"";"info@almazcinema.ru";"";"";"almazcinema.ru";"";"";"";"";"37.605846";"55.712211";"85988666";
142;"Кинотеатр";"Каро Фильм Баррикады";"";"";"Центральный административный округ";"Пресненский район";"ул. Баррикадная, д.21/34, стр. 3";"";"";"(495) 545 05 05";"";"info@karofilm.ru";"";"";"karofilm.ru";"";"";"";"";"37.579321";"55.760482";"85988667";
143;"Кинотеатр";"Алмаз Синема Солнцево";"";"";"Западный административный округ";"район Солнцево";"ул. Богданова, д.19";"";"";"(495) 221 52 21, 439 52 00";"";"info@almazcinema.ru";"";"";"almazcinema.ru";"";"";"";"";"37.393299";"55.652741";"85988668";
144;"Кинотеатр";"Nescafe IMAX";"";"";"Северный административный округ";"район Левобережный";"ул. Правобережная, д.1б";"";"";"(495) 775 77 79";"";"";"";"";"nescafe-imaxcinema.ru";"";"";"";"";"37.449702";"55.880914";"85988669";
145;"Кинотеатр";"Киноклуб Документальная среда";"";"";"Центральный административный округ";"Тверской район";"ул. Каретный Ряд, д.5/10";"";"";"";"";"";"";"";"";"";"";"";"";"37.60841";"55.772709";"85988670";
146;"Кинотеатр";"Сезон Синема на Пражской";"";"";"Южный административный округ";"район Чертаново Центральное";"ул. Красного Маяка, д.2б";"";"";"(495) 721 82 80, 721 36 34, 943 60 68";"";"";"";"";"sezonkino.ru";"";"";"";"";"37.606842";"55.611056";"85988671";
147;"Кинотеатр";"Kinostar De Lux (Химки)";"";"";"Значения отсутствуют в справочнике";"Значения отсутствуют в справочнике";"МО, г.Химки, ул. Ленинградская, вл.39 стр.5";"";"";"(495) 775 44 77, 981 37 89";"";"feedback@cinemapark.ru.";"";"";"cinemapark.ru";"";"";"";"";"37.41221";"55.909497";"85988672";
148;"Кинотеатр";"Дом кино";"";"";"Центральный административный округ";"Пресненский район";"ул. Васильевская, д.13";"";"";"(499) 251 40 65, 254 48 34";"";"press-domkinospb@mail.ru";"";"";"domkino.spb.ru";"";"";"";"";"37.588018";"55.771913";"85988673";
149;"Кинотеатр";"Синема Парк De Lux Метрополис";"";"";"Северный административный округ";"Войковский район";"Ленинградское ш., д.16а стр.4";"";"";"(495) 789 96 85, 644 41 11";"";"feedback@cinemapark.ru.";"";"";"cinemapark.ru";"";"";"";"";"37.497646";"55.823265";"85988674";
150;"Кинотеатр";"Формула Кино Европа";"";"";"Западный административный округ";"район Дорогомилово";"пл. Киевского Вокзала, д.2";"";"";"(495) 795 37 95";"";"info@formulakino.ru";"";"";"formulakino.ru";"";"";"";"";"37.56598";"55.744565";"85988675";
151;"Кинотеатр";"4D Cinema на Люблинской";"";"";"Юго-Восточный административный округ";"район Марьино";"ул. Люблинская, д.100";"";"";"(916) 458 36 70";"";"";"";"";"4dstereo.com";"";"";"";"";"37.739074";"55.654648";"85988676";
152;"Кинотеатр";"Люксор в Ясенево";"";"";"Юго-Западный административный округ";"район Ясенево";"Новоясеневский пр-т, д.11";"";"";"(495) 641 33 06, 641 33 07";"";"";"";"";"luxorfilm.ru";"";"";"";"";"37.536282";"55.606718";"85988677";
153;"Кинотеатр";"Формула Кино София";"";"";"Восточный административный округ";"район Северное Измайлово";"Сиреневый б-р, д.31";"";"";"(495) 795 37 95";"";"info@formulakino.ru";"";"";"formulakino.ru";"";"";"";"";"37.800638";"55.803822";"85988678";
154;"Кинотеатр";"Каро Фильм Атриум";"";"";"Центральный административный округ";"Басманный район";"Земляной Вал, д.33";"";"";"(495) 545 05 05";"";"info@karofilm.ru";"";"";"karofilm.ru";"";"";"";"";"37.658935";"55.757303";"85988679";
155;"Кинотеатр";"Энтузиаст. Большой зал";"";"";"Восточный административный округ";"район Вешняки";"ул. Вешняковская, д.16а";"";"";"(499) 373 50 01, 373 50 10";"";"entyziastkino@mail.ru";"";"";"cinemalend.ru";"";"";"";"";"37.826284";"55.724701";"85988680";
156;"Кинотеатр";"Киномакс XL";"";"";"Северный административный округ";"район Западное Дегунино";"Дмитровское ш., д.89";"";"";"(495) 221 52 21, 721 25 92";"";"";"";"";"kinomax.ruxl";"";"";"";"";"37.545604";"55.863767";"85988681";
157;"Кинотеатр";"Люксор Центр";"";"";"Северо-Восточный административный округ";"район Свиблово";"пр-т Мира, д.211";"";"";"(495) 665 13 53";"";"";"";"";"luxorfilm.ru";"";"";"";"";"37.66127";"55.845594";"85988682";
158;"Кинотеатр";"5 звезд Бирюлево";"";"";"Южный административный округ";"район Бирюлёво Восточное";"ул. Бирюлевская, д.17";"";"";"(495) 916 91 69, 326 54 82";"";"secretar@paradisegroup.ru";"";"";"5zvezd.ru";"";"";"";"";"37.664086";"55.595541";"85988683";
159;"Кинотеатр";"Люксор в Митино";"";"";"Северо-Западный административный округ";"район Митино";"ул. Дубравная, влад. 34/29";"";"";"(495) 641 33 04, 641 33 05, 641 33 05";"";"";"";"";"luxorfilm.ru";"";"";"";"";"37.358145";"55.846265";"85988684";
160;"Кинотеатр";"Кинотеатр им. Моссовета";"";"";"Восточный административный округ";"район Преображенское";"Преображенская пл., д.12";"";"";"(495) 963 03 32, 963 03 20";"";"";"";"";"mossovet.com";"";"";"";"";"37.713687";"55.794318";"85988685";
161;"Кинотеатр";"ООО«КИНОМИР»";"";"";"Центральный административный округ";"Тверской район";"Настасьинский пер., д.2";"";"";"(495) 699-27-00";"";"";"";"";"kinomax.ru";"";"";"";"";"37.603327";"55.766434";"85988721";
162;"Кинотеатр";"Киноцентр на Красной Пресне";"";"";"Центральный административный округ";"Пресненский район";"ул. Дружинниковская, д. 15";"";"";"(499) 255- 96-92, (499) 255-92-37;";"";"info@kino center.ru";"";"";"kinocenter.ru";"";"";"";"";"37.574868";"55.759716";"85988722";
